{
  "PatchName": "diffPatch for home and applets",
  "AuthorName": "autoDiff",
  "TargetName": "common.szs",
  "ID": "Generated_a8afc8c7-d112-425b-b989-1170c8c721cf",
  "HideOnlineBtn": false,
  "Files": [
    {
      "FileName": "blyt/Line_Root.bflyt",
      "Patches": [
        {
          "PaneName": "P_Line",
          "Visible": false
        }
      ]
    },
    {
      "FileName": "blyt/DCntAutoDownloadHint.bflyt",
      "Patches": [
        {
          "PaneName": "P_Bg",
          "UsdPatches": [
            {
              "PropName": "C_W",
              "PropValues": [
                "4",
                "0",
                "0",
                "0"
              ],
              "type": 1
            },
            {
              "PropName": "S_RoundRadius",
              "PropValues": [
                "45"
              ],
              "type": 2
            }
          ],
          "ColorTL": "FF111111",
          "ColorTR": "FF111111",
          "ColorBL": "FF111111",
          "ColorBR": "FF111111"
        },
        {
          "PaneName": "P_Bg_00",
          "UsdPatches": [
            {
              "PropName": "C_W",
              "PropValues": [
                "4",
                "0",
                "0",
                "0"
              ],
              "type": 1
            },
            {
              "PropName": "S_RoundRadius",
              "PropValues": [
                "45"
              ],
              "type": 2
            }
          ],
          "ColorTL": "FF111111",
          "ColorTR": "FF111111",
          "ColorBL": "FF111111",
          "ColorBR": "FF111111"
        }
      ],
      "Materials": [
        {
          "MaterialName": "T_00",
          "ForegroundColor": "00000000"
        }
      ]
    },
    {
      "FileName": "blyt/ScrollIndicatorS.bflyt",
      "Patches": [
        {
          "PaneName": "P_Indicator",
          "ColorTL": "FFE22B8A",
          "ColorTR": "FFE22B8A",
          "ColorBL": "FFE22B8A",
          "ColorBR": "FFE22B8A"
        }
      ]
    },
    {
      "FileName": "blyt/BtnPageArwLR.bflyt",
      "Patches": [
        {
          "PaneName": "P_BtnDecideKey",
          "UsdPatches": [
            {
              "PropName": "C_W",
              "PropValues": [
                "4",
                "0",
                "0",
                "0"
              ],
              "type": 1
            },
            {
              "PropName": "S_RoundRadius",
              "PropValues": [
                "30"
              ],
              "type": 2
            }
          ],
          "ColorTL": "FFE22B8A",
          "ColorTR": "FFE22B8A",
          "ColorBL": "FFE22B8A",
          "ColorBR": "FFE22B8A"
        },
        {
          "PaneName": "P_BtnTouch",
          "UsdPatches": [
            {
              "PropName": "C_W",
              "PropValues": [
                "4",
                "0",
                "0",
                "0"
              ],
              "type": 1
            },
            {
              "PropName": "S_RoundRadius",
              "PropValues": [
                "30"
              ],
              "type": 2
            }
          ],
          "ColorTL": "FFE22B8A",
          "ColorTR": "FFE22B8A",
          "ColorBL": "FFE22B8A",
          "ColorBR": "FFE22B8A"
        },
        {
          "PaneName": "P_Arw",
          "UsdPatches": [
            {
              "PropName": "C_W",
              "PropValues": [
                "4",
                "0",
                "0",
                "0"
              ],
              "type": 1
            }
          ],
          "ColorTL": "FFE22B8A",
          "ColorTR": "FFE22B8A",
          "ColorBL": "FFE22B8A",
          "ColorBR": "FFE22B8A"
        }
      ]
    },
    {
      "FileName": "blyt/Cursor3.bflyt",
      "Patches": [
        {
          "PaneName": "RootPane",
          "Size": {
            "X": 300.0,
            "Y": 400.0
          }
        },
        {
          "PaneName": "P_Main",
          "Size": {
            "X": 3.0,
            "Y": 3.0
          },
          "UsdPatches": [
            {
              "PropName": "S_BorderVolume",
              "PropValues": [
                "1"
              ],
              "type": 2
            },
            {
              "PropName": "S_BorderColorSelect0",
              "PropValues": [
                "0"
              ],
              "type": 1
            },
            {
              "PropName": "S_BorderColor0",
              "PropValues": [
                "0",
                "0",
                "0",
                "0"
              ],
              "type": 2
            },
            {
              "PropName": "S_RoundRadius",
              "PropValues": [
                "30"
              ],
              "type": 2
            },
            {
              "PropName": "S_DropShadowVolume",
              "PropValues": [
                "2"
              ],
              "type": 2
            },
            {
              "PropName": "S_DropShadowColorSelect",
              "PropValues": [
                "2"
              ],
              "type": 1
            },
            {
              "PropName": "C_B",
              "PropValues": [
                "0",
                "0",
                "0",
                "0"
              ],
              "type": 1
            },
            {
              "PropName": "C_W",
              "PropValues": [
                "0",
                "0",
                "0",
                "0"
              ],
              "type": 1
            }
          ]
        },
        {
          "PaneName": "P_Grow",
          "Size": {
            "X": 3.0,
            "Y": 3.0
          },
          "UsdPatches": [
            {
              "PropName": "S_BorderVolume",
              "PropValues": [
                "1"
              ],
              "type": 2
            },
            {
              "PropName": "S_BorderColorSelect0",
              "PropValues": [
                "0"
              ],
              "type": 1
            },
            {
              "PropName": "S_BorderColor0",
              "PropValues": [
                "0",
                "0",
                "0",
                "0"
              ],
              "type": 2
            },
            {
              "PropName": "S_RoundRadius",
              "PropValues": [
                "30"
              ],
              "type": 2
            },
            {
              "PropName": "S_DropShadowVolume",
              "PropValues": [
                "2"
              ],
              "type": 2
            },
            {
              "PropName": "S_DropShadowColorSelect",
              "PropValues": [
                "2"
              ],
              "type": 1
            },
            {
              "PropName": "S_DropShadowDistance",
              "PropValues": [
                "3"
              ],
              "type": 2
            },
            {
              "PropName": "S_DropShadowSize",
              "PropValues": [
                "3"
              ],
              "type": 2
            },
            {
              "PropName": "S_DropShadowFunction",
              "PropValues": [
                "5"
              ],
              "type": 1
            },
            {
              "PropName": "S_DropShadowKnockout",
              "PropValues": [
                "2"
              ],
              "type": 1
            },
            {
              "PropName": "C_B",
              "PropValues": [
                "0",
                "0",
                "0",
                "0"
              ],
              "type": 1
            },
            {
              "PropName": "C_W",
              "PropValues": [
                "0",
                "0",
                "0",
                "0"
              ],
              "type": 1
            }
          ],
          "ColorTL": "C8FFFFFF",
          "ColorTR": "96FFFFFF",
          "ColorBL": "64FFFFFF"
        }
      ],
      "Materials": [
        {
          "MaterialName": "P_Main",
          "ForegroundColor": "008B008B",
          "BackgroundColor": "FF82004B"
        },
        {
          "MaterialName": "P_Grow",
          "ForegroundColor": "00D30094",
          "BackgroundColor": "FFD355BA"
        }
      ]
    },
    {
      "FileName": "blyt/DCntStoryPromotion.bflyt",
      "Patches": [
        {
          "PaneName": "P_Bg",
          "UsdPatches": [
            {
              "PropName": "S_RoundRadius",
              "PropValues": [
                "45"
              ],
              "type": 2
            }
          ],
          "ColorTL": "FF111111",
          "ColorTR": "FF111111",
          "ColorBL": "FF111111",
          "ColorBR": "FF111111"
        },
        {
          "PaneName": "P_Illustration",
          "UsdPatches": [
            {
              "PropName": "C_W",
              "PropValues": [
                "12",
                "0",
                "0",
                "0"
              ],
              "type": 1
            }
          ],
          "ColorTL": "FFE22B8A",
          "ColorTR": "FFE22B8A",
          "ColorBL": "FFE22B8A",
          "ColorBR": "FFE22B8A"
        }
      ]
    },
    {
      "FileName": "blyt/PageindicatorStarter.bflyt",
      "Patches": [
        {
          "PaneName": "P_Line",
          "ColorTL": "FFE22B8A",
          "ColorTR": "FFE22B8A",
          "ColorBL": "FFE22B8A",
          "ColorBR": "FFE22B8A"
        },
        {
          "PaneName": "P_Fill",
          "UsdPatches": [
            {
              "PropName": "S_ColorOverlay0ColorSelect",
              "PropValues": [
                "4"
              ],
              "type": 1
            }
          ],
          "ColorTL": "FFE22B8A",
          "ColorTR": "FFE22B8A",
          "ColorBL": "FFE22B8A",
          "ColorBR": "FFE22B8A"
        }
      ]
    },
    {
      "FileName": "blyt/DCntAutoUploadPromotion.bflyt",
      "Patches": [
        {
          "PaneName": "P_Bg",
          "UsdPatches": [
            {
              "PropName": "C_W",
              "PropValues": [
                "4",
                "0",
                "0",
                "0"
              ],
              "type": 1
            },
            {
              "PropName": "S_RoundRadius",
              "PropValues": [
                "45"
              ],
              "type": 2
            }
          ],
          "ColorTL": "FF111111",
          "ColorTR": "FF111111",
          "ColorBL": "FF111111",
          "ColorBR": "FF111111"
        }
      ],
      "Materials": [
        {
          "MaterialName": "T_00",
          "ForegroundColor": "00000000"
        }
      ]
    },
    {
      "FileName": "blyt/NavHorizonHeadLine.bflyt",
      "Patches": [
        {
          "PaneName": "P_Pict",
          "ColorTL": "FFE22B8A",
          "ColorTR": "FFE22B8A",
          "ColorBL": "FFE22B8A",
          "ColorBR": "FFE22B8A"
        },
        {
          "PaneName": "T_HeadLine",
          "UsdPatches": [
            {
              "PropName": "C_W",
              "PropValues": [
                "4",
                "0",
                "0",
                "0"
              ],
              "type": 1
            }
          ]
        }
      ]
    },
    {
      "FileName": "blyt/BtnDialogNml.bflyt",
      "Patches": [
        {
          "PaneName": "P_BtnBase",
          "UsdPatches": [
            {
              "PropName": "S_RoundRadius",
              "PropValues": [
                "45"
              ],
              "type": 2
            },
            {
              "PropName": "C_W",
              "PropValues": [
                "4",
                "0",
                "0",
                "0"
              ],
              "type": 1
            }
          ],
          "ColorTL": "FF111111",
          "ColorTR": "FF111111",
          "ColorBL": "FF111111",
          "ColorBR": "FF111111"
        },
        {
          "PaneName": "P_BtnFocusKeyInv",
          "UsdPatches": [
            {
              "PropName": "S_RoundRadius",
              "PropValues": [
                "45"
              ],
              "type": 2
            },
            {
              "PropName": "C_W",
              "PropValues": [
                "4",
                "0",
                "0",
                "0"
              ],
              "type": 1
            }
          ]
        },
        {
          "PaneName": "P_BtnDecideKey",
          "UsdPatches": [
            {
              "PropName": "S_RoundRadius",
              "PropValues": [
                "45"
              ],
              "type": 2
            },
            {
              "PropName": "C_W",
              "PropValues": [
                "4",
                "0",
                "0",
                "0"
              ],
              "type": 1
            }
          ],
          "ColorTL": "FFE22B8A",
          "ColorTR": "FFE22B8A",
          "ColorBL": "FFE22B8A",
          "ColorBR": "FFE22B8A"
        },
        {
          "PaneName": "P_BtnTouch",
          "UsdPatches": [
            {
              "PropName": "S_RoundRadius",
              "PropValues": [
                "45"
              ],
              "type": 2
            },
            {
              "PropName": "C_W",
              "PropValues": [
                "4",
                "0",
                "0",
                "0"
              ],
              "type": 1
            }
          ],
          "ColorTL": "FFE22B8A",
          "ColorTR": "FFE22B8A",
          "ColorBL": "FFE22B8A",
          "ColorBR": "FFE22B8A"
        },
        {
          "PaneName": "N_BtnFocusKey",
          "UsdPatches": [
            {
              "PropName": "S_RoundRadius",
              "PropValues": [
                "45"
              ],
              "type": 2
            }
          ]
        },
        {
          "PaneName": "T_00",
          "UsdPatches": [
            {
              "PropName": "C_W",
              "PropValues": [
                "4",
                "0",
                "0",
                "0"
              ],
              "type": 1
            }
          ]
        }
      ]
    },
    {
      "FileName": "blyt/BgNavNoHeader.bflyt",
      "Patches": [
        {
          "PaneName": "L_NavBg",
          "Visible": false
        }
      ]
    },
    {
      "FileName": "blyt/BgNml.bflyt",
      "Patches": [
        {
          "PaneName": "P_Bg_00",
          "UsdPatches": [
            {
              "PropName": "C_B",
              "PropValues": [
                "2",
                "2",
                "0",
                "0"
              ],
              "type": 1
            },
            {
              "PropName": "C_W",
              "PropValues": [
                "2",
                "2",
                "0",
                "0"
              ],
              "type": 1
            }
          ]
        }
      ]
    },
    {
      "FileName": "blyt/BtnLinePlateNml.bflyt",
      "Patches": [
        {
          "PaneName": "P_BtnDecideKey",
          "UsdPatches": [
            {
              "PropName": "C_W",
              "PropValues": [
                "4",
                "0",
                "0",
                "0"
              ],
              "type": 1
            },
            {
              "PropName": "S_RoundRadius",
              "PropValues": [
                "45"
              ],
              "type": 2
            }
          ],
          "ColorTL": "FFE22B8A",
          "ColorTR": "FFE22B8A",
          "ColorBL": "FFE22B8A",
          "ColorBR": "FFE22B8A"
        },
        {
          "PaneName": "P_BtnTouch",
          "UsdPatches": [
            {
              "PropName": "C_W",
              "PropValues": [
                "4",
                "0",
                "0",
                "0"
              ],
              "type": 1
            },
            {
              "PropName": "S_RoundRadius",
              "PropValues": [
                "45"
              ],
              "type": 2
            }
          ],
          "ColorTL": "FFE22B8A",
          "ColorTR": "FFE22B8A",
          "ColorBL": "FFE22B8A",
          "ColorBR": "FFE22B8A"
        },
        {
          "PaneName": "N_BtnFocusKey",
          "UsdPatches": [
            {
              "PropName": "S_RoundRadius",
              "PropValues": [
                "45"
              ],
              "type": 2
            }
          ]
        },
        {
          "PaneName": "P_BtnBase",
          "UsdPatches": [
            {
              "PropName": "S_RoundRadius",
              "PropValues": [
                "45"
              ],
              "type": 2
            },
            {
              "PropName": "C_W",
              "PropValues": [
                "4",
                "0",
                "0",
                "0"
              ],
              "type": 1
            }
          ],
          "ColorTL": "FF111111",
          "ColorTR": "FF111111",
          "ColorBL": "FF111111",
          "ColorBR": "FF111111"
        },
        {
          "PaneName": "P_BtnBaseInv",
          "UsdPatches": [
            {
              "PropName": "C_W",
              "PropValues": [
                "4",
                "0",
                "0",
                "0"
              ],
              "type": 1
            },
            {
              "PropName": "S_RoundRadius",
              "PropValues": [
                "45"
              ],
              "type": 2
            }
          ]
        },
        {
          "PaneName": "T_00",
          "UsdPatches": [
            {
              "PropName": "C_W",
              "PropValues": [
                "4",
                "0",
                "0",
                "0"
              ],
              "type": 1
            }
          ]
        },
        {
          "PaneName": "P_BtnLine",
          "UsdPatches": [
            {
              "PropName": "S_RoundRadius",
              "PropValues": [
                "45"
              ],
              "type": 2
            },
            {
              "PropName": "C_W",
              "PropValues": [
                "4",
                "0",
                "0",
                "0"
              ],
              "type": 1
            }
          ],
          "ColorTL": "FFE22B8A",
          "ColorTR": "FFE22B8A",
          "ColorBL": "FFE22B8A",
          "ColorBR": "FFE22B8A"
        }
      ]
    },
    {
      "FileName": "blyt/DBtmBaseNml.bflyt",
      "Patches": [
        {
          "PaneName": "P_DummyBgMask",
          "ColorTL": "FF111111",
          "ColorTR": "FF111111",
          "ColorBL": "FF111111",
          "ColorBR": "FF111111"
        },
        {
          "PaneName": "P_Shdw",
          "UsdPatches": [
            {
              "PropName": "S_RoundRadius",
              "PropValues": [
                "45"
              ],
              "type": 2
            }
          ]
        },
        {
          "PaneName": "P_Base",
          "UsdPatches": [
            {
              "PropName": "S_RoundRadius",
              "PropValues": [
                "45"
              ],
              "type": 2
            },
            {
              "PropName": "C_W",
              "PropValues": [
                "4",
                "0",
                "0",
                "0"
              ],
              "type": 1
            }
          ],
          "ColorTL": "FF111111",
          "ColorTR": "FF111111",
          "ColorBL": "FF111111",
          "ColorBR": "FF111111"
        }
      ]
    },
    {
      "FileName": "blyt/FooterAll.bflyt",
      "Patches": [
        {
          "PaneName": "B_FooterArea_00",
          "Size": {
            "X": 1280.0
          },
          "Visible": false
        },
        {
          "PaneName": "N_Pos_00",
          "Visible": false
        },
        {
          "PaneName": "L_Line_00",
          "Size": {
            "X": 1220.0
          },
          "Visible": false
        },
        {
          "PaneName": "L_Line_01",
          "Size": {
            "X": 1280.0
          }
        },
        {
          "PaneName": "L_Line_02",
          "Size": {
            "X": 1280.0
          }
        },
        {
          "PaneName": "N_Left",
          "Visible": false
        },
        {
          "PaneName": "P_Bg_Black",
          "Size": {
            "X": 1280.0
          }
        },
        {
          "PaneName": "P_Bg_Gray",
          "Size": {
            "X": 1280.0
          }
        },
        {
          "PaneName": "N_BtnWrp",
          "Visible": false
        },
        {
          "PaneName": "L_Ctrl",
          "Visible": false
        },
        {
          "PaneName": "L_Btn_00",
          "Visible": false
        },
        {
          "PaneName": "L_Btn_01",
          "Visible": false
        },
        {
          "PaneName": "L_Btn_02",
          "Visible": false
        },
        {
          "PaneName": "L_Btn_03",
          "Visible": false
        },
        {
          "PaneName": "L_Btn_04",
          "Visible": false
        },
        {
          "PaneName": "L_Btn_05",
          "Visible": false
        },
        {
          "PaneName": "L_BtnOvl_00",
          "Visible": false
        },
        {
          "PaneName": "L_BtnOvl_01",
          "Visible": false
        }
      ]
    },
    {
      "FileName": "blyt/DBaseNml.bflyt",
      "Patches": [
        {
          "PaneName": "P_Base",
          "UsdPatches": [
            {
              "PropName": "S_RoundRadius",
              "PropValues": [
                "45"
              ],
              "type": 2
            },
            {
              "PropName": "C_W",
              "PropValues": [
                "4",
                "0",
                "0",
                "0"
              ],
              "type": 1
            }
          ],
          "ColorTL": "FF111111",
          "ColorTR": "FF111111",
          "ColorBL": "FF111111",
          "ColorBR": "FF111111"
        }
      ]
    },
    {
      "FileName": "blyt/NavHorizonBase.bflyt",
      "Patches": [
        {
          "PaneName": "P_Line",
          "Visible": false
        }
      ]
    },
    {
      "FileName": "blyt/FooterBtn.bflyt",
      "Patches": [],
      "Materials": [
        {
          "MaterialName": "T_00",
          "BackgroundColor": "FFE22B8A"
        },
        {
          "MaterialName": "T_01",
          "BackgroundColor": "FFE22B8A"
        }
      ]
    },
    {
      "FileName": "blyt/BgNav_Root.bflyt",
      "Patches": [
        {
          "PaneName": "P_NavBg",
          "UsdPatches": [
            {
              "PropName": "C_B",
              "PropValues": [
                "4",
                "4",
                "0",
                "0"
              ],
              "type": 1
            },
            {
              "PropName": "C_W",
              "PropValues": [
                "4",
                "4",
                "0",
                "0"
              ],
              "type": 1
            }
          ],
          "ColorTL": "FF111111",
          "ColorTR": "FF111111",
          "ColorBL": "FF111111",
          "ColorBR": "FF111111"
        }
      ]
    },
    {
      "FileName": "blyt/LineFooter.bflyt",
      "Patches": [
        {
          "PaneName": "P_Line",
          "Visible": false
        }
      ]
    },
    {
      "FileName": "blyt/FooterCtrl.bflyt",
      "Patches": [
        {
          "PaneName": "P_CtrlDummy",
          "Visible": false
        },
        {
          "PaneName": "L_Indi_00",
          "Visible": false
        }
      ]
    },
    {
      "FileName": "blyt/BtnNavHorizon_Root.bflyt",
      "Patches": [
        {
          "PaneName": "P_BtnBase",
          "UsdPatches": [
            {
              "PropName": "S_RoundRadius",
              "PropValues": [
                "45"
              ],
              "type": 2
            },
            {
              "PropName": "C_W",
              "PropValues": [
                "4",
                "0",
                "0",
                "0"
              ],
              "type": 1
            }
          ],
          "ColorTL": "FF111111",
          "ColorTR": "FF111111",
          "ColorBL": "FF111111",
          "ColorBR": "FF111111"
        },
        {
          "PaneName": "P_BtnTouch",
          "UsdPatches": [
            {
              "PropName": "C_W",
              "PropValues": [
                "4",
                "0",
                "0",
                "0"
              ],
              "type": 1
            },
            {
              "PropName": "S_RoundRadius",
              "PropValues": [
                "45"
              ],
              "type": 2
            }
          ],
          "ColorTL": "FFE22B8A",
          "ColorTR": "FFE22B8A",
          "ColorBL": "FFE22B8A",
          "ColorBR": "FFE22B8A"
        },
        {
          "PaneName": "P_BtnDecideKey",
          "UsdPatches": [
            {
              "PropName": "C_W",
              "PropValues": [
                "4",
                "0",
                "0",
                "0"
              ],
              "type": 1
            },
            {
              "PropName": "S_RoundRadius",
              "PropValues": [
                "45"
              ],
              "type": 2
            }
          ],
          "ColorTL": "FFE22B8A",
          "ColorTR": "FFE22B8A",
          "ColorBL": "FFE22B8A",
          "ColorBR": "FFE22B8A"
        },
        {
          "PaneName": "N_BtnFocusKey",
          "UsdPatches": [
            {
              "PropName": "S_RoundRadius",
              "PropValues": [
                "45"
              ],
              "type": 2
            }
          ]
        },
        {
          "PaneName": "P_Active",
          "UsdPatches": [
            {
              "PropName": "C_W",
              "PropValues": [
                "4",
                "0",
                "0",
                "0"
              ],
              "type": 1
            }
          ],
          "ColorTL": "FFE22B8A",
          "ColorTR": "FFE22B8A",
          "ColorBL": "FFE22B8A",
          "ColorBR": "FFE22B8A"
        },
        {
          "PaneName": "P_Pict",
          "UsdPatches": [
            {
              "PropName": "C_W",
              "PropValues": [
                "4",
                "0",
                "0",
                "0"
              ],
              "type": 1
            }
          ]
        },
        {
          "PaneName": "T_00",
          "UsdPatches": [
            {
              "PropName": "C_W",
              "PropValues": [
                "9",
                "27",
                "0",
                "0"
              ],
              "type": 1
            }
          ]
        }
      ]
    },
    {
      "FileName": "blyt/LinePlateDlg.bflyt",
      "Patches": [
        {
          "PaneName": "L_Line",
          "Visible": false
        }
      ]
    },
    {
      "FileName": "blyt/DCntAutoDownloadPromotion.bflyt",
      "Patches": [
        {
          "PaneName": "P_Bg",
          "UsdPatches": [
            {
              "PropName": "C_W",
              "PropValues": [
                "4",
                "0",
                "0",
                "0"
              ],
              "type": 1
            },
            {
              "PropName": "S_RoundRadius",
              "PropValues": [
                "45"
              ],
              "type": 2
            }
          ],
          "ColorTL": "FF111111",
          "ColorTR": "FF111111",
          "ColorBL": "FF111111",
          "ColorBR": "FF111111"
        }
      ],
      "Materials": [
        {
          "MaterialName": "T_00",
          "ForegroundColor": "00000000"
        }
      ]
    }
  ]
}