{
    "PatchName": "Vertical-OEM (Home Menu Common)",
    "AuthorName": "SodaSoba",
    "ID": "Generated_55eb9e94-aec5-45f2-98a5-1b177e58ecf6",
    "Files": [
        {
            "FileName": "blyt/DCntIconLauncherText.bflyt",
            "Patches": [
                {
                    "PaneName": "N_01",
                    "Position": {
                        "Y": -250
                    }
                },
                {
                    "PaneName": "L_Icon",
                    "Size": {
                        "X": 170,
                        "Y": 255
                    }
                },
                {
                    "PaneName": "T_00",
                    "Size": {
                        "X": 450,
                        "Y": 255
                    }
                },
                {
                    "PaneName": "N_AccountIcon_00",
                    "Position": {
                        "X": -240,
                        "Y": -196
                    }
                }
            ]
        },
        {
            "FileName": "blyt/DCntImageText.bflyt",
            "Patches": [
                {
                    "PaneName": "P_00",
                    "Size": {
                        "X": 128,
                        "Y": 192
                    }
                }
            ]
        },
        {
            "FileName": "blyt/DHdrSoft.bflyt",
            "Patches": [
                {
                    "PaneName": "P_Soft",
                    "Size": {
                        "X": 45,
                        "Y": 68
                    }
                }
            ]
        },
        {
            "FileName": "blyt/IconGame.bflyt",
            "Patches": [
                {
                    "PaneName": "P_Icon",
                    "Scale": {
                        "X": 0.9,
                        "Y": 0.9
                    },
                    "Size": {
                        "X": 160,
                        "Y": 240
                    }
                }
            ]
        }
    ]
}