{
    "PatchName": "Vertical-OEM (Home Menu)",
    "AuthorName": "SodaSoba",
    "TargetName": "ResidentMenu.szs",
    "ID": "Generated_e5cc3893-6c79-4d47-b189-81f7e2e76fc1",
    "HideOnlineBtn": false,
    "Files": [
        {
            "FileName": "blyt/Cursor3.bflyt",
            "Patches": [
                {
                    "PaneName": "RootPane",
                    "Size": {
                        "X": 300,
                        "Y": 400
                    }
                }
            ]
        },
        {
            "FileName": "blyt/RdtBtnPvr.bflyt",
            "Patches": [
                {
                    "PaneName": "N_Tip",
                    "Position": {
                        "Y": -70
                    }
                },
                {
                    "PaneName": "P_Pict_00",
                    "ColorTL": "FFCC9933",
                    "ColorTR": "FFCC9933",
                    "ColorBL": "FFCC9933",
                    "ColorBR": "FFCC9933"
                }
            ]
        },
        {
            "FileName": "blyt/RdtBtnIconGame.bflyt",
            "Patches": [
                {
                    "PaneName": "N_Root",
                    "Position": {
                        "Y": 10
                    }
                },
                {
                    "PaneName": "N_Tip",
                    "Position": {
                        "Y": 222
                    },
                    "Scale": {
                        "X": 0.9,
                        "Y": 0.9
                    }
                },
                {
                    "PaneName": "B_Hit",
                    "Scale": {
                        "X": 1.2,
                        "Y": 1.2
                    },
                    "Size": {
                        "X": 217.6,
                        "Y": 217.6
                    }
                },
                {
                    "PaneName": "L_Balloon",
                    "Size": {
                        "X": 256,
                        "Y": 102
                    }
                },
                {
                    "PaneName": "P_IconGame",
                    "Size": {
                        "X": 256,
                        "Y": 384
                    }
                },
                {
                    "PaneName": "P_Blank",
                    "Size": {
                        "X": 256,
                        "Y": 384
                    }
                },
                {
                    "PaneName": "N_Suspend",
                    "Position": {
                        "Y": -155
                    }
                },
                {
                    "PaneName": "P_BtnDecideKey",
                    "Size": {
                        "X": 256,
                        "Y": 384
                    }
                },
                {
                    "PaneName": "P_InnerCursor",
                    "Size": {
                        "X": 255,
                        "Y": 383
                    }
                },
                {
                    "PaneName": "N_BtnFocusKey",
                    "Size": {
                        "X": 256,
                        "Y": 384
                    }
                },
                {
                    "PaneName": "P_EffectDecide",
                    "Size": {
                        "X": 276,
                        "Y": 404
                    }
                }
            ]
        },
        {
            "FileName": "blyt/RdtBase.bflyt",
            "Patches": [
                {
                    "PaneName": "N_ScrollArea",
                    "Position": {
                        "X": 27.5,
                        "Y": -64
                    },
                    "Scale": {
                        "X": 0.8984375,
                        "Y": 0.8984375
                    },
                    "Size": {
                        "X": 1190,
                        "Y": 322
                    }
                },
                {
                    "PaneName": "N_ScrollWindow",
                    "Position": {
                        "X": 30.5,
                        "Y": -64
                    },
                    "Size": {
                        "X": 970,
                        "Y": 322
                    }
                },
                {
                    "PaneName": "T_Blank",
                    "Size": {
                        "X": 1198,
                        "Y": 30
                    }
                },
                {
                    "PaneName": "N_GameRoot",
                    "Position": {
                        "X": 55,
                        "Y": 20
                    }
                },
                {
                    "PaneName": "N_System",
                    "Position": {
                        "Y": -216
                    },
                    "Scale": {
                        "X": 0.7,
                        "Y": 0.7
                    }
                },
                {
                    "PaneName": "N_Balloon",
                    "Size": {
                        "X": 1281,
                        "Y": 720
                    }
                },
                {
                    "PaneName": "N_MyPage",
                    "Position": {
                        "X": -313,
                        "Y": 300
                    },
                    "Scale": {
                        "X": 0.9,
                        "Y": 0.9
                    }
                },
                {
                    "PaneName": "L_Hud",
                    "Position": {
                        "X": 584,
                        "Y": 300
                    }
                },
                {
                    "PaneName": "N_Game",
                    "Position": {
                        "Y": 70
                    }
                },
                {
                    "PaneName": "N_Icon_00",
                    "Position": {
                        "X": -460
                    }
                },
                {
                    "PaneName": "N_Icon_01",
                    "Position": {
                        "X": -190
                    }
                },
                {
                    "PaneName": "N_Icon_02",
                    "Position": {
                        "X": 80
                    }
                },
                {
                    "PaneName": "N_Icon_03",
                    "Position": {
                        "X": 350
                    }
                },
                {
                    "PaneName": "N_Icon_04",
                    "Position": {
                        "X": 620
                    }
                },
                {
                    "PaneName": "N_Icon_05",
                    "Position": {
                        "X": 890
                    }
                },
                {
                    "PaneName": "N_Icon_06",
                    "Position": {
                        "X": 1160
                    }
                },
                {
                    "PaneName": "N_Icon_07",
                    "Position": {
                        "X": 1430
                    }
                },
                {
                    "PaneName": "N_Icon_08",
                    "Position": {
                        "X": 1700
                    }
                },
                {
                    "PaneName": "N_Icon_09",
                    "Position": {
                        "X": 1970
                    }
                },
                {
                    "PaneName": "N_Icon_10",
                    "Position": {
                        "X": 2240
                    }
                },
                {
                    "PaneName": "N_Icon_11",
                    "Position": {
                        "X": 2510
                    }
                },
                {
                    "PaneName": "N_Icon_12",
                    "Position": {
                        "X": 2770
                    }
                },
                {
                    "PaneName": "L_BtnChangeUser",
                    "Position": {
                        "Y": -179
                    }
                }
            ]
        },
        {
            "FileName": "blyt/RdtBalloon.bflyt",
            "Patches": [
                {
                    "PaneName": "N_Root",
                    "Scale": {
                        "X": 0.9,
                        "Y": 0.9
                    }
                }
            ]
        }
    ]
}