{
  "PatchName": "diffPatch for home and applets",
  "AuthorName": "autoDiff",
  "TargetName": "common.szs",
  "ID": "Generated_e39b03b8-78bc-4388-840e-667bb96dd3e9",
  "HideOnlineBtn": false,
  "Files": [
    {
      "FileName": "blyt/Line_Root.bflyt",
      "Patches": [
        {
          "PaneName": "P_Line",
          "Visible": false
        }
      ]
    },
    {
      "FileName": "blyt/DBtmHeaderSub.bflyt",
      "Patches": [
        {
          "PaneName": "P_Line",
          "Visible": false
        }
      ]
    },
    {
      "FileName": "blyt/ScrollIndicatorS.bflyt",
      "Patches": [
        {
          "PaneName": "P_Indicator",
          "UsdPatches": [
            {
              "PropName": "S_RoundRadius",
              "PropValues": [
                "5"
              ],
              "type": 2
            },
            {
              "PropName": "C_W",
              "PropValues": [
                "4",
                "71",
                "4",
                "2"
              ],
              "type": 1
            }
          ],
          "ColorTL": "FFE22B8A",
          "ColorTR": "FFE22B8A",
          "ColorBL": "FFE22B8A",
          "ColorBR": "FFE22B8A"
        }
      ]
    },
    {
      "FileName": "blyt/DBtnTop1Btm2.bflyt",
      "Patches": [
        {
          "PaneName": "L_Line_00",
          "Visible": false
        },
        {
          "PaneName": "L_Line_01",
          "Visible": false
        }
      ]
    },
    {
      "FileName": "blyt/DCntIconLauncherText.bflyt",
      "Patches": [
        {
          "PaneName": "N_01",
          "Position": {
            "Y": -265.0
          }
        },
        {
          "PaneName": "L_Icon",
          "Size": {
            "X": 170.0,
            "Y": 255.0
          }
        },
        {
          "PaneName": "T_00",
          "Size": {
            "X": 450.0,
            "Y": 255.0
          }
        }
      ]
    },
    {
      "FileName": "blyt/Cursor3.bflyt",
      "Patches": [
        {
          "PaneName": "RootPane",
          "Size": {
            "X": 300.0,
            "Y": 400.0
          }
        },
        {
          "PaneName": "P_Main",
          "Size": {
            "X": 3.0,
            "Y": 3.0
          },
          "UsdPatches": [
            {
              "PropName": "S_BorderVolume",
              "PropValues": [
                "1"
              ],
              "type": 2
            },
            {
              "PropName": "S_BorderColorSelect0",
              "PropValues": [
                "0"
              ],
              "type": 1
            },
            {
              "PropName": "S_BorderColor0",
              "PropValues": [
                "0",
                "0",
                "0",
                "0"
              ],
              "type": 2
            },
            {
              "PropName": "S_RoundRadius",
              "PropValues": [
                "30"
              ],
              "type": 2
            },
            {
              "PropName": "S_DropShadowVolume",
              "PropValues": [
                "2"
              ],
              "type": 2
            },
            {
              "PropName": "S_DropShadowColorSelect",
              "PropValues": [
                "2"
              ],
              "type": 1
            },
            {
              "PropName": "C_B",
              "PropValues": [
                "0",
                "0",
                "0",
                "0"
              ],
              "type": 1
            },
            {
              "PropName": "C_W",
              "PropValues": [
                "0",
                "0",
                "0",
                "0"
              ],
              "type": 1
            }
          ]
        },
        {
          "PaneName": "P_Grow",
          "Size": {
            "X": 3.0,
            "Y": 3.0
          },
          "UsdPatches": [
            {
              "PropName": "S_BorderVolume",
              "PropValues": [
                "1"
              ],
              "type": 2
            },
            {
              "PropName": "S_BorderColorSelect0",
              "PropValues": [
                "0"
              ],
              "type": 1
            },
            {
              "PropName": "S_BorderColor0",
              "PropValues": [
                "0",
                "0",
                "0",
                "0"
              ],
              "type": 2
            },
            {
              "PropName": "S_RoundRadius",
              "PropValues": [
                "30"
              ],
              "type": 2
            },
            {
              "PropName": "S_DropShadowVolume",
              "PropValues": [
                "2"
              ],
              "type": 2
            },
            {
              "PropName": "S_DropShadowColorSelect",
              "PropValues": [
                "2"
              ],
              "type": 1
            },
            {
              "PropName": "S_DropShadowDistance",
              "PropValues": [
                "3"
              ],
              "type": 2
            },
            {
              "PropName": "S_DropShadowSize",
              "PropValues": [
                "3"
              ],
              "type": 2
            },
            {
              "PropName": "S_DropShadowFunction",
              "PropValues": [
                "5"
              ],
              "type": 1
            },
            {
              "PropName": "S_DropShadowKnockout",
              "PropValues": [
                "2"
              ],
              "type": 1
            },
            {
              "PropName": "C_B",
              "PropValues": [
                "0",
                "0",
                "0",
                "0"
              ],
              "type": 1
            },
            {
              "PropName": "C_W",
              "PropValues": [
                "0",
                "0",
                "0",
                "0"
              ],
              "type": 1
            }
          ],
          "ColorTL": "C8FFFFFF",
          "ColorTR": "96FFFFFF",
          "ColorBL": "64FFFFFF"
        }
      ],
      "Materials": [
        {
          "MaterialName": "P_Main",
          "ForegroundColor": "008B008B",
          "BackgroundColor": "FF82004B"
        },
        {
          "MaterialName": "P_Grow",
          "ForegroundColor": "00D30094",
          "BackgroundColor": "FFD355BA"
        }
      ]
    },
    {
      "FileName": "blyt/DBtmSelBox2.bflyt",
      "Patches": [
        {
          "PaneName": "z_FooterMemo",
          "Size": {
            "X": 1280.0
          }
        },
        {
          "PaneName": "L_Line_00",
          "Visible": false
        }
      ]
    },
    {
      "FileName": "blyt/BtnOpt_Root.bflyt",
      "Patches": [
        {
          "PaneName": "P_BtnBase",
          "UsdPatches": [
            {
              "PropName": "S_RoundRadius",
              "PropValues": [
                "45"
              ],
              "type": 2
            },
            {
              "PropName": "C_W",
              "PropValues": [
                "4",
                "0",
                "0",
                "0"
              ],
              "type": 1
            }
          ],
          "ColorTL": "FF111111",
          "ColorTR": "FF111111",
          "ColorBL": "FF111111",
          "ColorBR": "FF111111"
        },
        {
          "PaneName": "P_BtnFocusKeyInv",
          "UsdPatches": [
            {
              "PropName": "S_RoundRadius",
              "PropValues": [
                "45"
              ],
              "type": 2
            },
            {
              "PropName": "C_W",
              "PropValues": [
                "4",
                "0",
                "0",
                "0"
              ],
              "type": 1
            }
          ]
        },
        {
          "PaneName": "P_BtnDecideKey",
          "UsdPatches": [
            {
              "PropName": "S_RoundRadius",
              "PropValues": [
                "45"
              ],
              "type": 2
            },
            {
              "PropName": "C_W",
              "PropValues": [
                "4",
                "0",
                "0",
                "0"
              ],
              "type": 1
            }
          ],
          "ColorTL": "FFE22B8A",
          "ColorTR": "FFE22B8A",
          "ColorBL": "FFE22B8A",
          "ColorBR": "FFE22B8A"
        },
        {
          "PaneName": "P_BtnTouch",
          "UsdPatches": [
            {
              "PropName": "S_RoundRadius",
              "PropValues": [
                "45"
              ],
              "type": 2
            },
            {
              "PropName": "C_W",
              "PropValues": [
                "4",
                "0",
                "0",
                "0"
              ],
              "type": 1
            }
          ],
          "ColorTL": "FFE22B8A",
          "ColorTR": "FFE22B8A",
          "ColorBL": "FFE22B8A",
          "ColorBR": "FFE22B8A"
        },
        {
          "PaneName": "N_BtnFocusKey",
          "UsdPatches": [
            {
              "PropName": "S_RoundRadius",
              "PropValues": [
                "45"
              ],
              "type": 2
            }
          ]
        },
        {
          "PaneName": "T_00",
          "UsdPatches": [
            {
              "PropName": "C_W",
              "PropValues": [
                "4",
                "74",
                "0",
                "0"
              ],
              "type": 1
            }
          ]
        },
        {
          "PaneName": "P_CheckBaseOff",
          "UsdPatches": [
            {
              "PropName": "S_RoundRadius",
              "PropValues": [
                "5"
              ],
              "type": 2
            }
          ]
        },
        {
          "PaneName": "P_CheckBaseOn",
          "UsdPatches": [
            {
              "PropName": "S_RoundRadius",
              "PropValues": [
                "5"
              ],
              "type": 2
            },
            {
              "PropName": "C_W",
              "PropValues": [
                "3",
                "0",
                "0",
                "0"
              ],
              "type": 1
            }
          ]
        },
        {
          "PaneName": "P_Check",
          "UsdPatches": [
            {
              "PropName": "C_W",
              "PropValues": [
                "2",
                "0",
                "0",
                "0"
              ],
              "type": 1
            }
          ]
        }
      ]
    },
    {
      "FileName": "blyt/BtnDialogNml.bflyt",
      "Patches": [
        {
          "PaneName": "P_BtnBase",
          "UsdPatches": [
            {
              "PropName": "S_RoundRadius",
              "PropValues": [
                "45"
              ],
              "type": 2
            },
            {
              "PropName": "C_W",
              "PropValues": [
                "4",
                "0",
                "0",
                "0"
              ],
              "type": 1
            }
          ],
          "ColorTL": "FF111111",
          "ColorTR": "FF111111",
          "ColorBL": "FF111111",
          "ColorBR": "FF111111"
        },
        {
          "PaneName": "P_BtnFocusKeyInv",
          "UsdPatches": [
            {
              "PropName": "S_RoundRadius",
              "PropValues": [
                "45"
              ],
              "type": 2
            },
            {
              "PropName": "C_W",
              "PropValues": [
                "4",
                "0",
                "0",
                "0"
              ],
              "type": 1
            }
          ]
        },
        {
          "PaneName": "P_BtnDecideKey",
          "UsdPatches": [
            {
              "PropName": "S_RoundRadius",
              "PropValues": [
                "45"
              ],
              "type": 2
            },
            {
              "PropName": "C_W",
              "PropValues": [
                "4",
                "0",
                "0",
                "0"
              ],
              "type": 1
            }
          ],
          "ColorTL": "FFE22B8A",
          "ColorTR": "FFE22B8A",
          "ColorBL": "FFE22B8A",
          "ColorBR": "FFE22B8A"
        },
        {
          "PaneName": "P_BtnTouch",
          "UsdPatches": [
            {
              "PropName": "S_RoundRadius",
              "PropValues": [
                "45"
              ],
              "type": 2
            },
            {
              "PropName": "C_W",
              "PropValues": [
                "4",
                "0",
                "0",
                "0"
              ],
              "type": 1
            }
          ],
          "ColorTL": "FFE22B8A",
          "ColorTR": "FFE22B8A",
          "ColorBL": "FFE22B8A",
          "ColorBR": "FFE22B8A"
        },
        {
          "PaneName": "N_BtnFocusKey",
          "UsdPatches": [
            {
              "PropName": "S_RoundRadius",
              "PropValues": [
                "45"
              ],
              "type": 2
            }
          ]
        },
        {
          "PaneName": "T_00",
          "UsdPatches": [
            {
              "PropName": "C_W",
              "PropValues": [
                "4",
                "0",
                "0",
                "0"
              ],
              "type": 1
            }
          ]
        }
      ]
    },
    {
      "FileName": "blyt/DBtnNml3.bflyt",
      "Patches": [
        {
          "PaneName": "L_Line_00",
          "Visible": false
        }
      ]
    },
    {
      "FileName": "blyt/BgNml.bflyt",
      "Patches": [
        {
          "PaneName": "P_Bg_00",
          "UsdPatches": [
            {
              "PropName": "C_B",
              "PropValues": [
                "2",
                "2",
                "0",
                "0"
              ],
              "type": 1
            },
            {
              "PropName": "C_W",
              "PropValues": [
                "2",
                "2",
                "0",
                "0"
              ],
              "type": 1
            }
          ],
          "ColorTL": "FF000000",
          "ColorTR": "FF000000",
          "ColorBL": "FF000000",
          "ColorBR": "FF000000"
        }
      ]
    },
    {
      "FileName": "blyt/DBtmBaseNml.bflyt",
      "Patches": [
        {
          "PaneName": "P_DummyBgMask",
          "ColorTL": "FF111111",
          "ColorTR": "FF111111",
          "ColorBL": "FF111111",
          "ColorBR": "FF111111"
        },
        {
          "PaneName": "P_Shdw",
          "UsdPatches": [
            {
              "PropName": "S_RoundRadius",
              "PropValues": [
                "30"
              ],
              "type": 2
            }
          ]
        },
        {
          "PaneName": "P_Base",
          "UsdPatches": [
            {
              "PropName": "S_RoundRadius",
              "PropValues": [
                "30"
              ],
              "type": 2
            },
            {
              "PropName": "C_W",
              "PropValues": [
                "4",
                "0",
                "0",
                "0"
              ],
              "type": 1
            }
          ],
          "ColorTL": "FF111111",
          "ColorTR": "FF111111",
          "ColorBL": "FF111111",
          "ColorBR": "FF111111"
        }
      ]
    },
    {
      "FileName": "blyt/HeadOptGroup.bflyt",
      "Patches": [
        {
          "PaneName": "P_Line",
          "Visible": false
        }
      ]
    },
    {
      "FileName": "blyt/MaskBlack.bflyt",
      "Patches": [],
      "Materials": [
        {
          "MaterialName": "P_Mask",
          "BackgroundColor": "96111111"
        }
      ]
    },
    {
      "FileName": "blyt/FooterAll.bflyt",
      "Patches": [
        {
          "PaneName": "L_Line_00",
          "Visible": false
        },
        {
          "PaneName": "L_Line_01"
        },
        {
          "PaneName": "L_Line_02"
        },
        {
          "PaneName": "P_Bg_Black",
          "UsdPatches": [
            {
              "PropName": "S_RoundRadius",
              "PropValues": [
                "30"
              ],
              "type": 2
            }
          ],
          "ColorTL": "FF111111",
          "ColorTR": "FF111111",
          "ColorBL": "FF111111",
          "ColorBR": "FF111111"
        },
        {
          "PaneName": "P_Bg_Gray",
          "ColorTL": "FF111111",
          "ColorTR": "FF111111",
          "ColorBL": "FF111111",
          "ColorBR": "FF111111"
        },
        {
          "PaneName": "L_Ctrl",
          "Visible": false
        }
      ]
    },
    {
      "FileName": "blyt/LineSelBoxTimezone.bflyt",
      "Patches": [
        {
          "PaneName": "L_Line",
          "Visible": false
        }
      ]
    },
    {
      "FileName": "blyt/IconGame.bflyt",
      "Patches": [
        {
          "PaneName": "P_Icon",
          "Size": {
            "X": 160.0,
            "Y": 240.0
          }
        }
      ]
    },
    {
      "FileName": "blyt/DBaseNml.bflyt",
      "Patches": [
        {
          "PaneName": "P_Base",
          "UsdPatches": [
            {
              "PropName": "S_RoundRadius",
              "PropValues": [
                "30"
              ],
              "type": 2
            },
            {
              "PropName": "C_W",
              "PropValues": [
                "4",
                "0",
                "0",
                "0"
              ],
              "type": 1
            }
          ],
          "ColorTL": "FF111111",
          "ColorTR": "FF111111",
          "ColorBL": "FF111111",
          "ColorBR": "FF111111"
        }
      ]
    },
    {
      "FileName": "blyt/DBtmHeaderNml.bflyt",
      "Patches": [
        {
          "PaneName": "P_Line",
          "Visible": false
        }
      ]
    },
    {
      "FileName": "blyt/LineSelBox.bflyt",
      "Patches": [
        {
          "PaneName": "L_Line",
          "Visible": false
        }
      ]
    },
    {
      "FileName": "blyt/DBtmSelBoxTimeZone.bflyt",
      "Patches": [
        {
          "PaneName": "L_Line_00",
          "Visible": false
        }
      ]
    },
    {
      "FileName": "blyt/FooterBtn.bflyt",
      "Patches": [
        {
          "PaneName": "P_TouchEff",
          "UsdPatches": [
            {
              "PropName": "C_W",
              "PropValues": [
                "4",
                "0",
                "0",
                "0"
              ],
              "type": 1
            },
            {
              "PropName": "S_RoundRadius",
              "PropValues": [
                "30"
              ],
              "type": 2
            }
          ],
          "ColorTL": "FFE22B8A",
          "ColorTR": "FFE22B8A",
          "ColorBL": "FFE22B8A",
          "ColorBR": "FFE22B8A"
        }
      ],
      "Materials": [
        {
          "MaterialName": "T_00",
          "BackgroundColor": "FFE22B8A"
        },
        {
          "MaterialName": "T_01",
          "BackgroundColor": "FFE22B8A"
        }
      ]
    },
    {
      "FileName": "blyt/DHdrText.bflyt",
      "Patches": [
        {
          "PaneName": "L_Line",
          "Visible": false
        }
      ]
    },
    {
      "FileName": "blyt/LineFooter.bflyt",
      "Patches": [
        {
          "PaneName": "P_Line",
          "Visible": false
        }
      ]
    },
    {
      "FileName": "blyt/DBtnTop1Btm1.bflyt",
      "Patches": [
        {
          "PaneName": "L_Line_00",
          "Visible": false
        },
        {
          "PaneName": "L_Line_01",
          "Visible": false
        }
      ]
    },
    {
      "FileName": "blyt/FooterCtrl.bflyt",
      "Patches": [
        {
          "PaneName": "P_CtrlDummy",
          "Visible": false
        },
        {
          "PaneName": "L_Indi_00",
          "Visible": false
        }
      ]
    },
    {
      "FileName": "blyt/DBtnNml1.bflyt",
      "Patches": [
        {
          "PaneName": "L_Line_00",
          "Visible": false
        }
      ]
    },
    {
      "FileName": "blyt/LinePlateDlg.bflyt",
      "Patches": [
        {
          "PaneName": "L_Line",
          "Visible": false
        }
      ]
    },
    {
      "FileName": "blyt/BtnLineNml.bflyt",
      "Patches": [
        {
          "PaneName": "P_BtnDecideKey",
          "UsdPatches": [
            {
              "PropName": "C_W",
              "PropValues": [
                "4",
                "0",
                "0",
                "0"
              ],
              "type": 1
            },
            {
              "PropName": "S_RoundRadius",
              "PropValues": [
                "45"
              ],
              "type": 2
            }
          ],
          "ColorTL": "FFE22B8A",
          "ColorTR": "FFE22B8A",
          "ColorBL": "FFE22B8A",
          "ColorBR": "FFE22B8A"
        },
        {
          "PaneName": "P_BtnTouch",
          "UsdPatches": [
            {
              "PropName": "C_W",
              "PropValues": [
                "4",
                "0",
                "0",
                "0"
              ],
              "type": 1
            },
            {
              "PropName": "S_RoundRadius",
              "PropValues": [
                "45"
              ],
              "type": 2
            }
          ],
          "ColorTL": "FFE22B8A",
          "ColorTR": "FFE22B8A",
          "ColorBL": "FFE22B8A",
          "ColorBR": "FFE22B8A"
        },
        {
          "PaneName": "N_BtnFocusKey",
          "UsdPatches": [
            {
              "PropName": "S_RoundRadius",
              "PropValues": [
                "45"
              ],
              "type": 2
            }
          ]
        },
        {
          "PaneName": "P_BtnBase",
          "UsdPatches": [
            {
              "PropName": "S_RoundRadius",
              "PropValues": [
                "45"
              ],
              "type": 2
            },
            {
              "PropName": "C_W",
              "PropValues": [
                "4",
                "0",
                "0",
                "0"
              ],
              "type": 1
            }
          ],
          "ColorTL": "FF111111",
          "ColorTR": "FF111111",
          "ColorBL": "FF111111",
          "ColorBR": "FF111111"
        },
        {
          "PaneName": "P_BtnBaseInv",
          "UsdPatches": [
            {
              "PropName": "C_W",
              "PropValues": [
                "4",
                "0",
                "0",
                "0"
              ],
              "type": 1
            },
            {
              "PropName": "S_RoundRadius",
              "PropValues": [
                "45"
              ],
              "type": 2
            }
          ]
        },
        {
          "PaneName": "T_00",
          "UsdPatches": [
            {
              "PropName": "C_W",
              "PropValues": [
                "4",
                "0",
                "0",
                "0"
              ],
              "type": 1
            }
          ]
        },
        {
          "PaneName": "P_BtnLine",
          "UsdPatches": [
            {
              "PropName": "S_RoundRadius",
              "PropValues": [
                "45"
              ],
              "type": 2
            },
            {
              "PropName": "C_W",
              "PropValues": [
                "4",
                "0",
                "0",
                "0"
              ],
              "type": 1
            }
          ],
          "ColorTL": "FFE22B8A",
          "ColorTR": "FFE22B8A",
          "ColorBL": "FFE22B8A",
          "ColorBR": "FFE22B8A"
        }
      ]
    }
  ]
}