{
  "PatchName": "Cartopeia for home and applets",
  "AuthorName": "SodaSoba",
  "TargetName": "common.szs",
  "ID": "Generated_a0046bc1-ffbb-41b9-9f03-78c614c43686",
  "HideOnlineBtn": false,
  "Files": [
    {
      "FileName": "blyt/Line_Root.bflyt",
      "Patches": [
        {
          "PaneName": "N_Root",
          "Visible": false
        },
        {
          "PaneName": "P_Line",
          "Visible": false
        }
      ]
    },
    {
      "FileName": "blyt/ScrollIndicatorS.bflyt",
      "Patches": [
        {
          "PaneName": "P_Indicator",
          "UsdPatches": [
            {
              "PropName": "S_RoundRadius",
              "PropValues": [
                "5"
              ],
              "type": 2
            },
            {
              "PropName": "C_W",
              "PropValues": [
                "4",
                "71",
                "4",
                "2"
              ],
              "type": 1
            }
          ],
          "ColorTL": "FFE22B8A",
          "ColorTR": "FFE22B8A",
          "ColorBL": "FFE22B8A",
          "ColorBR": "FFE22B8A"
        }
      ]
    },
    {
      "FileName": "blyt/DBtnNml2.bflyt",
      "Patches": [
        {
          "PaneName": "L_Line_00",
          "Visible": false
        }
      ]
    },
    {
      "FileName": "blyt/Cursor3.bflyt",
      "Patches": [
        {
          "PaneName": "RootPane",
          "Size": {
            "X": 300.0,
            "Y": 400.0
          }
        },
        {
          "PaneName": "P_Main",
          "Size": {
            "X": 3.0,
            "Y": 3.0
          },
          "UsdPatches": [
            {
              "PropName": "S_BorderVolume",
              "PropValues": [
                "1"
              ],
              "type": 2
            },
            {
              "PropName": "S_BorderColorSelect0",
              "PropValues": [
                "0"
              ],
              "type": 1
            },
            {
              "PropName": "S_BorderColor0",
              "PropValues": [
                "0",
                "0",
                "0",
                "0"
              ],
              "type": 2
            },
            {
              "PropName": "S_RoundRadius",
              "PropValues": [
                "30"
              ],
              "type": 2
            },
            {
              "PropName": "S_DropShadowVolume",
              "PropValues": [
                "2"
              ],
              "type": 2
            },
            {
              "PropName": "S_DropShadowColorSelect",
              "PropValues": [
                "2"
              ],
              "type": 1
            },
            {
              "PropName": "C_B",
              "PropValues": [
                "0",
                "0",
                "0",
                "0"
              ],
              "type": 1
            },
            {
              "PropName": "C_W",
              "PropValues": [
                "0",
                "0",
                "0",
                "0"
              ],
              "type": 1
            }
          ]
        },
        {
          "PaneName": "P_Grow",
          "Size": {
            "X": 3.0,
            "Y": 3.0
          },
          "UsdPatches": [
            {
              "PropName": "S_BorderVolume",
              "PropValues": [
                "1"
              ],
              "type": 2
            },
            {
              "PropName": "S_BorderColorSelect0",
              "PropValues": [
                "0"
              ],
              "type": 1
            },
            {
              "PropName": "S_BorderColor0",
              "PropValues": [
                "0",
                "0",
                "0",
                "0"
              ],
              "type": 2
            },
            {
              "PropName": "S_RoundRadius",
              "PropValues": [
                "30"
              ],
              "type": 2
            },
            {
              "PropName": "S_DropShadowVolume",
              "PropValues": [
                "2"
              ],
              "type": 2
            },
            {
              "PropName": "S_DropShadowColorSelect",
              "PropValues": [
                "2"
              ],
              "type": 1
            },
            {
              "PropName": "S_DropShadowDistance",
              "PropValues": [
                "3"
              ],
              "type": 2
            },
            {
              "PropName": "S_DropShadowSize",
              "PropValues": [
                "3"
              ],
              "type": 2
            },
            {
              "PropName": "S_DropShadowFunction",
              "PropValues": [
                "5"
              ],
              "type": 1
            },
            {
              "PropName": "S_DropShadowKnockout",
              "PropValues": [
                "2"
              ],
              "type": 1
            },
            {
              "PropName": "C_B",
              "PropValues": [
                "0",
                "0",
                "0",
                "0"
              ],
              "type": 1
            },
            {
              "PropName": "C_W",
              "PropValues": [
                "0",
                "0",
                "0",
                "0"
              ],
              "type": 1
            }
          ],
          "ColorTL": "C8FFFFFF",
          "ColorTR": "96FFFFFF",
          "ColorBL": "64FFFFFF"
        }
      ],
      "Materials": [
        {
          "MaterialName": "P_Main",
          "ForegroundColor": "008B008B",
          "BackgroundColor": "FF82004B"
        },
        {
          "MaterialName": "P_Grow",
          "ForegroundColor": "00D30094",
          "BackgroundColor": "FFD355BA"
        }
      ]
    },
    {
      "FileName": "blyt/SystemAppletFader.bflyt",
      "Patches": [],
      "Materials": [
        {
          "MaterialName": "P_Capture",
          "BackgroundColor": "96FFFFFF"
        },
        {
          "MaterialName": "P_Base",
          "BackgroundColor": "96FFFFFF"
        },
        {
          "MaterialName": "W_MaskLT",
          "BackgroundColor": "96FFFFFF"
        },
        {
          "MaterialName": "P_GameCapture",
          "BackgroundColor": "96FFFFFF"
        }
      ]
    },
    {
      "FileName": "blyt/BtnDialogNml.bflyt",
      "Patches": [
        {
          "PaneName": "P_BtnBase",
          "UsdPatches": [
            {
              "PropName": "S_BorderSize",
              "PropValues": [
                "5"
              ],
              "type": 2
            },
            {
              "PropName": "S_BorderColorSelect0",
              "PropValues": [
                "0"
              ],
              "type": 1
            },
            {
              "PropName": "S_BorderColor0",
              "PropValues": [
                "0",
                "0",
                "0",
                "0"
              ],
              "type": 2
            },
            {
              "PropName": "S_DropShadowSize",
              "PropValues": [
                "0"
              ],
              "type": 2
            },
            {
              "PropName": "S_RoundRadius",
              "PropValues": [
                "45"
              ],
              "type": 2
            },
            {
              "PropName": "C_B",
              "PropValues": [
                "4",
                "4",
                "4",
                "2"
              ],
              "type": 1
            },
            {
              "PropName": "C_W",
              "PropValues": [
                "4",
                "4",
                "4",
                "2"
              ],
              "type": 1
            }
          ],
          "ColorTL": "FF111111",
          "ColorTR": "FF111111",
          "ColorBL": "FF111111",
          "ColorBR": "FF111111"
        },
        {
          "PaneName": "P_BtnFocusKeyInv",
          "UsdPatches": [
            {
              "PropName": "S_RoundRadius",
              "PropValues": [
                "45"
              ],
              "type": 2
            },
            {
              "PropName": "C_W",
              "PropValues": [
                "4",
                "0",
                "0",
                "0"
              ],
              "type": 1
            }
          ]
        },
        {
          "PaneName": "P_BtnDecideKey",
          "UsdPatches": [
            {
              "PropName": "S_RoundRadius",
              "PropValues": [
                "45"
              ],
              "type": 2
            },
            {
              "PropName": "C_W",
              "PropValues": [
                "4",
                "0",
                "0",
                "0"
              ],
              "type": 1
            }
          ],
          "ColorTL": "FFE22B8A",
          "ColorTR": "FFE22B8A",
          "ColorBL": "FFE22B8A",
          "ColorBR": "FFE22B8A"
        },
        {
          "PaneName": "P_BtnTouch",
          "UsdPatches": [
            {
              "PropName": "S_RoundRadius",
              "PropValues": [
                "45"
              ],
              "type": 2
            },
            {
              "PropName": "C_W",
              "PropValues": [
                "4",
                "0",
                "0",
                "0"
              ],
              "type": 1
            }
          ],
          "ColorTL": "FFE22B8A",
          "ColorTR": "FFE22B8A",
          "ColorBL": "FFE22B8A",
          "ColorBR": "FFE22B8A"
        },
        {
          "PaneName": "N_BtnFocusKey",
          "UsdPatches": [
            {
              "PropName": "S_RoundRadius",
              "PropValues": [
                "45"
              ],
              "type": 2
            }
          ]
        },
        {
          "PaneName": "T_00",
          "UsdPatches": [
            {
              "PropName": "C_B",
              "PropValues": [
                "4",
                "4",
                "0",
                "0"
              ],
              "type": 1
            },
            {
              "PropName": "C_W",
              "PropValues": [
                "4",
                "4",
                "0",
                "0"
              ],
              "type": 1
            }
          ]
        }
      ],
      "Materials": [
        {
          "MaterialName": "P_BtnFocusKeyInv",
          "BackgroundColor": "FFFFFFFF"
        }
      ]
    },
    {
      "FileName": "blyt/DCntText.bflyt",
      "Patches": [],
      "Materials": [
        {
          "MaterialName": "T_00",
          "ForegroundColor": "00323232"
        }
      ]
    },
    {
      "FileName": "blyt/BgNml.bflyt",
      "Patches": [
        {
          "PaneName": "P_Bg_00",
          "UsdPatches": [
            {
              "PropName": "S_BorderSize",
              "PropValues": [
                "7"
              ],
              "type": 2
            },
            {
              "PropName": "S_BorderColorSelect0",
              "PropValues": [
                "0"
              ],
              "type": 1
            },
            {
              "PropName": "S_BorderColor0",
              "PropValues": [
                "0",
                "0",
                "0",
                "0"
              ],
              "type": 2
            },
            {
              "PropName": "S_DropShadowSize",
              "PropValues": [
                "0"
              ],
              "type": 2
            },
            {
              "PropName": "S_RoundRadius",
              "PropValues": [
                "30"
              ],
              "type": 2
            },
            {
              "PropName": "C_B",
              "PropValues": [
                "4",
                "4",
                "4",
                "2"
              ],
              "type": 1
            },
            {
              "PropName": "C_W",
              "PropValues": [
                "4",
                "4",
                "4",
                "2"
              ],
              "type": 1
            }
          ],
          "ColorTL": "FF000000",
          "ColorTR": "FF000000",
          "ColorBL": "FF000000",
          "ColorBR": "FF000000"
        }
      ]
    },
    {
      "FileName": "blyt/DCntImageText.bflyt",
      "Patches": [
        {
          "PaneName": "P_00",
          "Size": {
            "X": 128.0,
            "Y": 170.0
          }
        }
      ]
    },
    {
      "FileName": "blyt/CntrIndicatorS.bflyt",
      "Patches": [],
      "Materials": [
        {
          "MaterialName": "P_Valid_10",
          "BackgroundColor": "FFFF8080"
        },
        {
          "MaterialName": "P_Valid_11",
          "BackgroundColor": "FFFF8080"
        },
        {
          "MaterialName": "P_Valid_12",
          "BackgroundColor": "FFFF8080"
        },
        {
          "MaterialName": "P_Valid_13",
          "BackgroundColor": "FFFF8080"
        }
      ]
    },
    {
      "FileName": "blyt/MaskBlack.bflyt",
      "Patches": [],
      "Materials": [
        {
          "MaterialName": "P_Mask",
          "BackgroundColor": "96111111"
        }
      ]
    },
    {
      "FileName": "blyt/FooterAll.bflyt",
      "Patches": [
        {
          "PaneName": "L_Line_00",
          "Visible": false
        },
        {
          "PaneName": "L_Line_01"
        },
        {
          "PaneName": "L_Line_02"
        },
        {
          "PaneName": "P_Bg_Black",
          "UsdPatches": [
            {
              "PropName": "S_RoundRadius",
              "PropValues": [
                "30"
              ],
              "type": 2
            }
          ],
          "ColorTL": "FF111111",
          "ColorTR": "FF111111",
          "ColorBL": "FF111111",
          "ColorBR": "FF111111"
        },
        {
          "PaneName": "P_Bg_Gray",
          "UsdPatches": [
            {
              "PropName": "S_RoundRadius",
              "PropValues": [
                "30"
              ],
              "type": 2
            },
            {
              "PropName": "C_W",
              "PropValues": [
                "4",
                "0",
                "0",
                "0"
              ],
              "type": 1
            }
          ],
          "ColorTL": "FF111111",
          "ColorTR": "FF111111",
          "ColorBL": "FF111111",
          "ColorBR": "FF111111"
        }
      ]
    },
    {
      "FileName": "blyt/DBaseNml.bflyt",
      "Patches": [
        {
          "PaneName": "P_Base",
          "UsdPatches": [
            {
              "PropName": "S_BorderSize",
              "PropValues": [
                "7"
              ],
              "type": 2
            },
            {
              "PropName": "S_BorderColorSelect0",
              "PropValues": [
                "0"
              ],
              "type": 1
            },
            {
              "PropName": "S_BorderColor0",
              "PropValues": [
                "0",
                "0",
                "0",
                "0"
              ],
              "type": 2
            },
            {
              "PropName": "S_RoundRadius",
              "PropValues": [
                "30"
              ],
              "type": 2
            },
            {
              "PropName": "C_B",
              "PropValues": [
                "4",
                "4",
                "4",
                "2"
              ],
              "type": 1
            },
            {
              "PropName": "C_W",
              "PropValues": [
                "4",
                "4",
                "4",
                "2"
              ],
              "type": 1
            },
            {
              "PropName": "S_DropShadowSize",
              "PropValues": [
                "0"
              ],
              "type": 2
            }
          ],
          "ColorTL": "FF111111",
          "ColorTR": "FF111111",
          "ColorBL": "FF111111",
          "ColorBR": "FF111111"
        }
      ]
    },
    {
      "FileName": "blyt/BgMask.bflyt",
      "Patches": [],
      "Materials": [
        {
          "MaterialName": "P_Mask",
          "BackgroundColor": "8C1E140A"
        }
      ]
    },
    {
      "FileName": "blyt/FooterBtn.bflyt",
      "Patches": [
        {
          "PaneName": "P_TouchEff",
          "UsdPatches": [
            {
              "PropName": "C_W",
              "PropValues": [
                "4",
                "0",
                "0",
                "0"
              ],
              "type": 1
            },
            {
              "PropName": "S_RoundRadius",
              "PropValues": [
                "30"
              ],
              "type": 2
            }
          ],
          "ColorTL": "FFE22B8A",
          "ColorTR": "FFE22B8A",
          "ColorBL": "FFE22B8A",
          "ColorBR": "FFE22B8A"
        },
        {
          "PaneName": "P_Key",
          "UsdPatches": [
            {
              "PropName": "S_BorderSize",
              "PropValues": [
                "1"
              ],
              "type": 2
            },
            {
              "PropName": "S_BorderColorSelect0",
              "PropValues": [
                "0"
              ],
              "type": 1
            },
            {
              "PropName": "S_BorderColor0",
              "PropValues": [
                "0",
                "0",
                "0",
                "0"
              ],
              "type": 2
            },
            {
              "PropName": "S_DropShadowSize",
              "PropValues": [
                "0"
              ],
              "type": 2
            },
            {
              "PropName": "S_RoundRadius",
              "PropValues": [
                "0"
              ],
              "type": 2
            },
            {
              "PropName": "C_B",
              "PropValues": [
                "9",
                "2",
                "4",
                "2"
              ],
              "type": 1
            },
            {
              "PropName": "C_W",
              "PropValues": [
                "9",
                "2",
                "4",
                "2"
              ],
              "type": 1
            }
          ]
        }
      ],
      "Materials": [
        {
          "MaterialName": "T_00",
          "BackgroundColor": "FFE22B8A"
        },
        {
          "MaterialName": "T_01",
          "BackgroundColor": "FFE22B8A"
        }
      ]
    },
    {
      "FileName": "blyt/LineFooter.bflyt",
      "Patches": [
        {
          "PaneName": "P_Line",
          "Visible": false
        }
      ]
    },
    {
      "FileName": "blyt/DBtnNml1.bflyt",
      "Patches": [
        {
          "PaneName": "L_Line_00",
          "Visible": false
        }
      ]
    },
    {
      "FileName": "blyt/LinePlateDlg.bflyt",
      "Patches": [
        {
          "PaneName": "L_Line",
          "Visible": false
        }
      ]
    }
  ]
}